,number,linkall,titleall,keywall
0,[1],https://arxiv.org//abs/2104.00683,"
Title: SimPoE: Simulated Character Control for 3D Human Pose Estimation
",Computer Vision and Pattern Recognition (cs.CV)
1,[2],https://arxiv.org//abs/2104.00682,"
Title: Multiview Pseudo-Labeling for Semi-supervised Learning from Video
",Computer Vision and Pattern Recognition (cs.CV)
2,[3],https://arxiv.org//abs/2104.00681,"
Title: NeuralRecon: Real-Time Coherent 3D Reconstruction from Monocular Video
",Computer Vision and Pattern Recognition (cs.CV)
3,[4],https://arxiv.org//abs/2104.00680,"
Title: LoFTR: Detector-Free Local Feature Matching with Transformers
",Computer Vision and Pattern Recognition (cs.CV)
4,[5],https://arxiv.org//abs/2104.00679,"
Title: A Realistic Evaluation of Semi-Supervised Learning for Fine-Grained  Classification
",Computer Vision and Pattern Recognition (cs.CV)
5,[6],https://arxiv.org//abs/2104.00678,"
Title: Group-Free 3D Object Detection via Transformers
",Computer Vision and Pattern Recognition (cs.CV)
6,[7],https://arxiv.org//abs/2104.00677,"
Title: Putting NeRF on a Diet: Semantically Consistent Few-Shot View Synthesis
",Computer Vision and Pattern Recognition (cs.CV)
7,[8],https://arxiv.org//abs/2104.00676,"
Title: Is Label Smoothing Truly Incompatible with Knowledge Distillation: An  Empirical Study
",Machine Learning (cs.LG)
8,[9],https://arxiv.org//abs/2104.00675,"
Title: In&Out : Diverse Image Outpainting via GAN Inversion
",Computer Vision and Pattern Recognition (cs.CV)
9,[10],https://arxiv.org//abs/2104.00674,"
Title: PhySG: Inverse Rendering with Spherical Gaussians for Physics-based  Material Editing and Relighting
",Computer Vision and Pattern Recognition (cs.CV)
10,[11],https://arxiv.org//abs/2104.00671,"
Title: TRS: Transferability Reduced Ensemble via Encouraging Gradient Diversity  and Model Smoothness
",Machine Learning (cs.LG)
11,[12],https://arxiv.org//abs/2104.00670,"
Title: Unconstrained Scene Generation with Locally Conditioned Radiance Fields
",Computer Vision and Pattern Recognition (cs.CV)
12,[13],https://arxiv.org//abs/2104.00664,"
Title: Sampling and Filtering of Neural Machine Translation Distillation Data
",Computation and Language (cs.CL)
13,[14],https://arxiv.org//abs/2104.00660,"
Title: Recognizing and Splitting Conditional Sentences for Automation of  Business Processes Management
",Computation and Language (cs.CL)
14,[15],https://arxiv.org//abs/2104.00654,"
Title: Edge Differential Privacy for Algebraic Connectivity of Graphs
",Cryptography and Security (cs.CR)
15,[16],https://arxiv.org//abs/2104.00650,"
Title: Frozen in Time: A Joint Video and Image Encoder for End-to-End Retrieval
",Computer Vision and Pattern Recognition (cs.CV)
16,[17],https://arxiv.org//abs/2104.00648,"
Title: GDPR Compliant Blockchains-A Systematic Literature Review
",Cryptography and Security (cs.CR)
17,[18],https://arxiv.org//abs/2104.00646,"
Title: Motion Guided Attention Fusion to Recognize Interactions from Videos
",Computer Vision and Pattern Recognition (cs.CV)
18,[19],https://arxiv.org//abs/2104.00640,"
Title: Evidence-based Verification for Real World Information Needs
",Computation and Language (cs.CL)
19,[20],https://arxiv.org//abs/2104.00639,"
Title: HLE-UPC at SemEval-2021 Task 5: Multi-Depth DistilBERT for Toxic Spans  Detection
",Computation and Language (cs.CL)
20,[21],https://arxiv.org//abs/2104.00637,"
Title: Cortical Morphometry Analysis based on Worst Transportation Theory
",Graphics (cs.GR)
21,[22],https://arxiv.org//abs/2104.00634,"
Title: Security and Machine Learning Adoption in IoT: A Preliminary Study of  IoT Developer Discussions
",Cryptography and Security (cs.CR)
22,[23],https://arxiv.org//abs/2104.00633,"
Title: RePOSE: Real-Time Iterative Rendering and Refinement for 6D Object Pose  Estimation
",Computer Vision and Pattern Recognition (cs.CV)
23,[24],https://arxiv.org//abs/2104.00632,"
Title: Blockchain and smart contract for IoT enabled smart agriculture
",Computers and Society (cs.CY)
24,[25],https://arxiv.org//abs/2104.00631,"
Title: Residual Model Learning for Microrobot Control
",Robotics (cs.RO)
25,[26],https://arxiv.org//abs/2104.00625,"
Title: Multi-layered simulation relations for linear stochastic systems
",Systems and Control (eess.SY)
26,[27],https://arxiv.org//abs/2104.00622,"
Title: RGB-D Local Implicit Function for Depth Completion of Transparent  Objects
",Computer Vision and Pattern Recognition (cs.CV)
27,[28],https://arxiv.org//abs/2104.00619,"
Title: Modular Adaptation for Cross-Domain Few-Shot Learning
",Computer Vision and Pattern Recognition (cs.CV)
28,[29],https://arxiv.org//abs/2104.00618,"
Title: Real-Time Global Illumination Using OpenGL And Voxel Cone Tracing
",Graphics (cs.GR)
29,[30],https://arxiv.org//abs/2104.00616,"
Title: Composable Augmentation Encoding for Video Representation Learning
",Computer Vision and Pattern Recognition (cs.CV)
30,[31],https://arxiv.org//abs/2104.00613,"
Title: The surprising impact of mask-head architecture on novel class  segmentation
",Computer Vision and Pattern Recognition (cs.CV)
31,[32],https://arxiv.org//abs/2104.00606,"
Title: Model Selection's Disparate Impact in Real-World Deep Learning  Applications
",Machine Learning (cs.LG)
32,[33],https://arxiv.org//abs/2104.00604,"
Title: Design and development of an Aerial Surveillance Security System
",Cryptography and Security (cs.CR)
33,[34],https://arxiv.org//abs/2104.00597,"
Title: One-Shot Neural Ensemble Architecture Search by Diversity-Guided Search  Space Shrinking
",Computer Vision and Pattern Recognition (cs.CV)
34,[35],https://arxiv.org//abs/2104.00592,"
Title: Quadratic and Cubic Regularisation Methods with Inexact function and  Random Derivatives for Finite-Sum Minimisation
",Numerical Analysis (math.NA)
35,[36],https://arxiv.org//abs/2104.00568,"
Title: LED2-Net: Monocular 360 Layout Estimation via Differentiable Depth  Rendering
",Computer Vision and Pattern Recognition (cs.CV)
36,[37],https://arxiv.org//abs/2104.00567,"
Title: Text to Image Generation with Semantic-Spatial Aware GAN
",Computer Vision and Pattern Recognition (cs.CV)
37,[38],https://arxiv.org//abs/2104.00566,"
Title: Exploring the relationship between performance metrics and cost saving  potential of defect prediction models
",Software Engineering (cs.SE)
38,[39],https://arxiv.org//abs/2104.00564,"
Title: Domain-Adversarial Training of Self-Attention Based Networks for Land  Cover Classification using Multi-temporal Sentinel-2 Satellite Imagery
",Computer Vision and Pattern Recognition (cs.CV)
39,[40],https://arxiv.org//abs/2104.00563,"
Title: Latent Variable Nested Set Transformers & AutoBots
",Robotics (cs.RO)
40,[41],https://arxiv.org//abs/2104.00562,"
Title: A Front-End for Dense Monocular SLAM using a Learned Outlier Mask Prior
",Computer Vision and Pattern Recognition (cs.CV)
41,[42],https://arxiv.org//abs/2104.00558,"
Title: Mining Wikidata for Name Resources for African Languages
",Computation and Language (cs.CL)
42,[43],https://arxiv.org//abs/2104.00556,"
Title: Deep Two-View Structure-from-Motion Revisited
",Computer Vision and Pattern Recognition (cs.CV)
43,[44],https://arxiv.org//abs/2104.00552,"
Title: Using Graph Theory to Derive Inequalities for the Bell Numbers
",Discrete Mathematics (cs.DM)
44,[45],https://arxiv.org//abs/2104.00547,"
Title: Blockchain and BIM (Building Information Modeling): Progress in Academia  and Industry
",Cryptography and Security (cs.CR)
45,[46],https://arxiv.org//abs/2104.00543,"
Title: RLAD: Time Series Anomaly Detection through Reinforcement Learning and  Active Learning
",Machine Learning (cs.LG)
46,[47],https://arxiv.org//abs/2104.00541,"
Title: Deep Reinforcement Learning for Resource Allocation in Business  Processes
",Machine Learning (cs.LG)
47,[48],https://arxiv.org//abs/2104.00540,"
Title: Reinforcement Learning Beyond Expectation
",Machine Learning (cs.LG)
48,[49],https://arxiv.org//abs/2104.00538,"
Title: Prediction of Wind Speed Using Artificial Neural Networks and ANFIS  Methods (Observation Buoy Example)
",Machine Learning (cs.LG)
49,[50],https://arxiv.org//abs/2104.00530,"
Title: Gaussian Process Convolutional Dictionary Learning
",Machine Learning (cs.LG)
50,[51],https://arxiv.org//abs/2104.00528,"
Title: OutlierNets: Highly Compact Deep Autoencoder Network Architectures for  On-Device Acoustic Anomaly Detection
",Sound (cs.SD)
51,[52],https://arxiv.org//abs/2104.00527,"
Title: Deep Reinforcement Learning for Constrained Field Development  Optimization in Subsurface Two-phase Flow
",Machine Learning (cs.LG)
52,[53],https://arxiv.org//abs/2104.00526,"
Title: Fitting Elephants
",Machine Learning (cs.LG)
53,[54],https://arxiv.org//abs/2104.00525,"
Title: Dynamic imaging and characterization of volatile aerosols in e-cigarette  emissions using deep learning-based holographic microscopy
",Machine Learning (cs.LG)
54,[55],https://arxiv.org//abs/2104.00514,"
Title: Spectral Unions of Partial Deformable 3D Shapes
",Graphics (cs.GR)
55,[56],https://arxiv.org//abs/2104.00513,"
Title: Auto-KWS 2021 Challenge: Task, Datasets, and Baselines
",Sound (cs.SD)
56,[57],https://arxiv.org//abs/2104.00512,"
Title: On the Optimality of the Oja's Algorithm for Online PCA
",Machine Learning (cs.LG)
57,[58],https://arxiv.org//abs/2104.00508,"
Title: Integrated optimization of heterogeneous-network management and the  elusive role of macrocells
",Networking and Internet Architecture (cs.NI)
58,[59],https://arxiv.org//abs/2104.00504,"
Title: Hetero-functional Network Minimum Cost Flow Optimization: A  Hydrogen-Natural Gas Network Example
",Systems and Control (eess.SY)
59,[60],https://arxiv.org//abs/2104.00501,"
Title: Replicate or Relocate? Non-Uniform Access in Parameter Servers
",Databases (cs.DB)
60,[61],https://arxiv.org//abs/2104.00492,"
Title: A Joint Network for Grasp Detection Conditioned on Natural Language  Commands
",Computer Vision and Pattern Recognition (cs.CV)
61,[62],https://arxiv.org//abs/2104.00489,"
Title: PyVertical: A Vertical Federated Learning Framework for Multi-headed  SplitNN
",Machine Learning (cs.LG)
62,[63],https://arxiv.org//abs/2104.00488,"
Title: Bayesian Graph Convolutional Network for Traffic Prediction
",Machine Learning (cs.LG)
63,[64],https://arxiv.org//abs/2104.00487,"
Title: Linear Semantics in Generative Adversarial Networks
",Computer Vision and Pattern Recognition (cs.CV)
64,[65],https://arxiv.org//abs/2104.00486,"
Title: Energy-aware Task Scheduling with Deadline Constraint in DVFS-enabled  Heterogeneous Clusters
","Distributed, Parallel, and Cluster Computing (cs.DC)"
65,[66],https://arxiv.org//abs/2104.00484,"
Title: Neural Video Portrait Relighting in Real-time via Consistency Modeling
",Computer Vision and Pattern Recognition (cs.CV)
66,[67],https://arxiv.org//abs/2104.00483,"
Title: Unsupervised Foreground-Background Segmentation with Equivariant Layered  GANs
",Computer Vision and Pattern Recognition (cs.CV)
67,[68],https://arxiv.org//abs/2104.00482,"
Title: Sketch2Mesh: Reconstructing and Editing 3D Shapes from Sketches
",Computer Vision and Pattern Recognition (cs.CV)
68,[69],https://arxiv.org//abs/2104.00480,"
Title: Idris 2: Quantitative Type Theory in Practice
",Programming Languages (cs.PL)
69,[70],https://arxiv.org//abs/2104.00479,"
Title: Towards creativity characterization of generative models via group-based  subset scanning
",Machine Learning (cs.LG)
70,[71],https://arxiv.org//abs/2104.00476,"
Title: Fostering Generalization in Single-view 3D Reconstruction by Learning a  Hierarchy of Local and Global Shape Priors
",Computer Vision and Pattern Recognition (cs.CV)
71,[72],https://arxiv.org//abs/2104.00475,"
Title: Edge-Assisted Congestion Control Mechanism for 5G Network Using  Software-Defined Networking
",Networking and Internet Architecture (cs.NI)
72,[73],https://arxiv.org//abs/2104.00466,"
Title: Improving Calibration for Long-Tailed Recognition
",Computer Vision and Pattern Recognition (cs.CV)
73,[74],https://arxiv.org//abs/2104.00465,"
Title: Pareto optimal exchange with indifferent endowments
",Discrete Mathematics (cs.DM)
74,[75],https://arxiv.org//abs/2104.00464,"
Title: Improved Image Generation via Sparse Modeling
",Computer Vision and Pattern Recognition (cs.CV)
75,[76],https://arxiv.org//abs/2104.00462,"
Title: SCALoss: Side and Corner Aligned Loss for Bounding Box Regression
",Computer Vision and Pattern Recognition (cs.CV)
76,[77],https://arxiv.org//abs/2104.00461,"
Title: Solver-Aided Constant-Time Circuit Verification
",Cryptography and Security (cs.CR)
77,[78],https://arxiv.org//abs/2104.00460,"
Title: Augmenting Zero Trust Architecture to Endpoints Using Blockchain: A  Systematic Review
",Cryptography and Security (cs.CR)
78,[79],https://arxiv.org//abs/2104.00453,"
Title: Learning Rates for Multi-task Regularization Networks
",Machine Learning (cs.LG)
79,[80],https://arxiv.org//abs/2104.00452,"
Title: Semantic XAI for contextualized demand forecasting explanations
",Artificial Intelligence (cs.AI)
80,[81],https://arxiv.org//abs/2104.00447,"
Title: Towards Evaluating and Training Verifiably Robust Neural Networks
",Computer Vision and Pattern Recognition (cs.CV)
81,[82],https://arxiv.org//abs/2104.00442,"
Title: Touch-based Curiosity for Sparse-Reward Tasks
",Machine Learning (cs.LG)
82,[83],https://arxiv.org//abs/2104.00437,"
Title: Enriched Music Representations with Multiple Cross-modal Contrastive  Learning
",Sound (cs.SD)
83,[84],https://arxiv.org//abs/2104.00432,"
Title: Anchor Pruning for Object Detection
",Computer Vision and Pattern Recognition (cs.CV)
84,[85],https://arxiv.org//abs/2104.00431,"
Title: Unsupervised Learning of Monocular Depth and Ego-Motion Using Multiple  Masks
",Computer Vision and Pattern Recognition (cs.CV)
85,[86],https://arxiv.org//abs/2104.00430,"
Title: Latent Space Data Assimilation by using Deep Learning
",Machine Learning (cs.LG)
86,[87],https://arxiv.org//abs/2104.00426,"
Title: WakaVT: A Sequential Variational Transformer for Waka Generation
",Computation and Language (cs.CL)
87,[88],https://arxiv.org//abs/2104.00424,"
Title: High-dimensional distributed semantic spaces for utterances
",Computation and Language (cs.CL)
88,[89],https://arxiv.org//abs/2104.00416,"
Title: Unsupervised Degradation Representation Learning for Blind  Super-Resolution
",Computer Vision and Pattern Recognition (cs.CV)
89,[90],https://arxiv.org//abs/2104.00415,"
Title: Learning with Neural Tangent Kernels in Near Input Sparsity Time
",Machine Learning (cs.LG)
90,[91],https://arxiv.org//abs/2104.00409,"
Title: quantum Case-Based Reasoning (qCBR)
",Artificial Intelligence (cs.AI)
91,[92],https://arxiv.org//abs/2104.00406,"
Title: The complete classification for quantified equality constraints
",Computational Complexity (cs.CC)
92,[93],https://arxiv.org//abs/2104.00405,"
Title: Avalanche: an End-to-End Library for Continual Learning
",Machine Learning (cs.LG)
93,[94],https://arxiv.org//abs/2104.00403,"
Title: Target Transformed Regression for Accurate Tracking
",Computer Vision and Pattern Recognition (cs.CV)
94,[95],https://arxiv.org//abs/2104.00399,"
Title: Distributed support-vector-machine over dynamic balanced directed  networks
",Systems and Control (eess.SY)
95,[96],https://arxiv.org//abs/2104.00398,"
Title: Structure-preserving finite difference schemes for nonlinear wave  equations with dynamic boundary conditions
",Numerical Analysis (math.NA)
96,[97],https://arxiv.org//abs/2104.00396,"
Title: Mixed precision recursive block diagonalization for bivariate functions  of matrices
",Numerical Analysis (math.NA)
97,[98],https://arxiv.org//abs/2104.00394,"
Title: Delay-Tolerant Consensus-based Distributed Estimation: Full-Rank Systems  with Potentially Unstable Dynamics
",Systems and Control (eess.SY)
98,[99],https://arxiv.org//abs/2104.00390,"
Title: Facing the Giant: a Grounded Theory Study of Decision-Making in  Microservices Migrations
",Software Engineering (cs.SE)
99,[100],https://arxiv.org//abs/2104.00387,"
Title: Commonsense Spatial Reasoning for Visually Intelligent Agents
",Artificial Intelligence (cs.AI)
100,[101],https://arxiv.org//abs/2104.00385,"
Title: Optimization Algorithm for Feedback and Feedforward Policies towards  Robot Control Robust to Sensing Failures
",Machine Learning (cs.LG)
101,[102],https://arxiv.org//abs/2104.00382,"
Title: Sample-efficient Gear-ratio Optimization for Biomechanical Energy  Harvester
",Robotics (cs.RO)
102,[103],https://arxiv.org//abs/2104.00380,"
Title: Online Multiple Object Tracking with Cross-Task Synergy
",Computer Vision and Pattern Recognition (cs.CV)
103,[104],https://arxiv.org//abs/2104.00379,"
Title: Immutability and Design Patterns in Ruby
",Programming Languages (cs.PL)
104,[105],https://arxiv.org//abs/2104.00378,"
Title: The Comprehensive Blub Archive Network: Towards Design Principals for  Open Source Programming Language Repositories
",Programming Languages (cs.PL)
105,[106],https://arxiv.org//abs/2104.00369,"
Title: FeTaQA: Free-form Table Question Answering
",Computation and Language (cs.CL)
106,[107],https://arxiv.org//abs/2104.00366,"
Title: Low-Resource Neural Machine Translation for South-Eastern African  Languages
",Computation and Language (cs.CL)
107,[108],https://arxiv.org//abs/2104.00365,"
Title: Federated Few-Shot Learning with Adversarial Learning
",Machine Learning (cs.LG)
108,[109],https://arxiv.org//abs/2104.00362,"
Title: Evaluating Predictive Business Process Monitoring Approaches on Small  Event Logs
",Artificial Intelligence (cs.AI)
109,[110],https://arxiv.org//abs/2104.00359,"
Title: Efficient and Differentiable Shadow Computation for Inverse Problems
",Computer Vision and Pattern Recognition (cs.CV)
110,[111],https://arxiv.org//abs/2104.00358,"
Title: Nine Potential Pitfalls when Designing Human-AI Co-Creative Systems
",Human-Computer Interaction (cs.HC)
111,[112],https://arxiv.org//abs/2104.00357,"
Title: Bounding the Inefficiency of Route Control in Intelligent Transport  Systems
",Multiagent Systems (cs.MA)
112,[113],https://arxiv.org//abs/2104.00356,"
Title: Exploiting Relationship for Complex-scene Image Generation
",Computer Vision and Pattern Recognition (cs.CV)
113,[114],https://arxiv.org//abs/2104.00355,"
Title: Speech Resynthesis from Discrete Disentangled Self-Supervised  Representations
",Sound (cs.SD)
114,[115],https://arxiv.org//abs/2104.00352,"
Title: Decentralized and Model-Free Federated Learning: Consensus-Based  Distillation in Function Space
",Networking and Internet Architecture (cs.NI)
115,[116],https://arxiv.org//abs/2104.00351,"
Title: TrajeVAE -- Controllable Human Motion Generation from Trajectories
",Computer Vision and Pattern Recognition (cs.CV)
116,[117],https://arxiv.org//abs/2104.00347,"
Title: Channel Measurement and Path-Loss Characterization for Low-Terahertz  Indoor Scenarios
",Information Theory (cs.IT)
117,[118],https://arxiv.org//abs/2104.00342,"
Title: Intuitive Tasks Planning Using Visuo-Tactile Perception for Human Robot  Cooperation
",Systems and Control (eess.SY)
118,[119],https://arxiv.org//abs/2104.00340,"
Title: Reconstructing 3D Human Pose by Watching Humans in the Mirror
",Computer Vision and Pattern Recognition (cs.CV)
119,[120],https://arxiv.org//abs/2104.00337,"
Title: Wide-Depth-Range 6D Object Pose Estimation in Space
",Computer Vision and Pattern Recognition (cs.CV)
120,[121],https://arxiv.org//abs/2104.00336,"
Title: Mitigating Media Bias through Neutral Article Generation
",Computation and Language (cs.CL)
121,[122],https://arxiv.org//abs/2104.00332,"
Title: UC2: Universal Cross-lingual Cross-modal Vision-and-Language  Pre-training
",Computer Vision and Pattern Recognition (cs.CV)
122,[123],https://arxiv.org//abs/2104.00331,"
Title: On the Convergence Time of Federated Learning Over Wireless Networks  Under Imperfect CSI
",Machine Learning (cs.LG)
123,[124],https://arxiv.org//abs/2104.00327,"
Title: Famous Companies Use More Letters in Logo:A Large-Scale Analysis of Text  Area in Logo
",Computer Vision and Pattern Recognition (cs.CV)
124,[125],https://arxiv.org//abs/2104.00324,"
Title: STMTrack: Template-free Visual Tracking with Space-time Memory Networks
",Computer Vision and Pattern Recognition (cs.CV)
125,[126],https://arxiv.org//abs/2104.00323,"
Title: Jigsaw Clustering for Unsupervised Visual Representation Learning
",Computer Vision and Pattern Recognition (cs.CV)
126,[127],https://arxiv.org//abs/2104.00322,"
Title: Domain Invariant Adversarial Learning
",Machine Learning (cs.LG)
127,[128],https://arxiv.org//abs/2104.00319,"
Title: Semi-Supervised Domain Adaptation via Selective Pseudo Labeling and  Progressive Self-Training
",Computer Vision and Pattern Recognition (cs.CV)
128,[129],https://arxiv.org//abs/2104.00317,"
Title: Explore Image Deblurring via Blur Kernel Space
",Computer Vision and Pattern Recognition (cs.CV)
129,[130],https://arxiv.org//abs/2104.00316,"
Title: Training Medical Communication Skills with Virtual Patients: Literature  Review and Directions for Future Research
",Human-Computer Interaction (cs.HC)
130,[131],https://arxiv.org//abs/2104.00315,"
Title: Unsupervised Sound Localization via Iterative Contrastive Learning
",Computer Vision and Pattern Recognition (cs.CV)
131,[132],https://arxiv.org//abs/2104.00312,"
Title: Normal vs. Adversarial: Salience-based Analysis of Adversarial Samples  for Relation Extraction
",Computation and Language (cs.CL)
132,[133],https://arxiv.org//abs/2104.00308,"
Title: Bipartite Graph Network with Adaptive Message Passing for Unbiased Scene  Graph Generation
",Computer Vision and Pattern Recognition (cs.CV)
133,[134],https://arxiv.org//abs/2104.00305,"
Title: Modeling High-order Interactions across Multi-interests for Micro-video  Reommendation
",Computer Vision and Pattern Recognition (cs.CV)
134,[135],https://arxiv.org//abs/2104.00304,"
Title: Log-domain decoding of quantum LDPC codes over binary finite fields
",Information Theory (cs.IT)
135,[136],https://arxiv.org//abs/2104.00303,"
Title: MeanShift++: Extremely Fast Mode-Seeking With Applications to  Segmentation and Object Tracking
",Computer Vision and Pattern Recognition (cs.CV)
136,[137],https://arxiv.org//abs/2104.00302,"
Title: Cooperative UWB-Based Localization for Outdoors Positioning and  Navigation of UAVs aided by Ground Robots
",Robotics (cs.RO)
137,[138],https://arxiv.org//abs/2104.00299,"
Title: Students are the Best Teacher: Exit-Ensemble Distillation with  Multi-Exits
",Computer Vision and Pattern Recognition (cs.CV)
138,[139],https://arxiv.org//abs/2104.00298,"
Title: EfficientNetV2: Smaller Models and Faster Training
",Computer Vision and Pattern Recognition (cs.CV)
139,[140],https://arxiv.org//abs/2104.00297,"
Title: Arbitrary-Shaped Text Detection withAdaptive Text Region Representation
",Computer Vision and Pattern Recognition (cs.CV)
140,[141],https://arxiv.org//abs/2104.00296,"
Title: Securing Smart Homes via Software-Defined Networking and Low-Cost  Traffic Classification
",Cryptography and Security (cs.CR)
141,[142],https://arxiv.org//abs/2104.00292,"
Title: Hereditary rigidity, separation and density In memory of Professor I.G.  Rosenberg
",Discrete Mathematics (cs.DM)
142,[143],https://arxiv.org//abs/2104.00290,"
Title: Many-to-English Machine Translation Tools, Data, and Pretrained Models
",Computation and Language (cs.CL)
143,[144],https://arxiv.org//abs/2104.00287,"
Title: Learning to Track Instances without Video Annotations
",Computer Vision and Pattern Recognition (cs.CV)
144,[145],https://arxiv.org//abs/2104.00285,"
Title: CUPID: Adaptive Curation of Pre-training Data for Video-and-Language  Representation Learning
",Computer Vision and Pattern Recognition (cs.CV)
145,[146],https://arxiv.org//abs/2104.00284,"
Title: The best laid plans or lack thereof: Security decision-making of  different stakeholder groups
",Cryptography and Security (cs.CR)
146,[147],https://arxiv.org//abs/2104.00280,"
Title: An abstract theory of domain decomposition methods with coarse spaces of  the GenEO family
",Numerical Analysis (math.NA)
147,[148],https://arxiv.org//abs/2104.00279,"
Title: Efficient Set-Based Approaches for the Reliable Computation of Robot  Capabilities
",Robotics (cs.RO)
148,[149],https://arxiv.org//abs/2104.00277,"
Title: A proof of convergence for stochastic gradient descent in the training  of artificial neural networks with ReLU activation for constant target  functions
",Numerical Analysis (math.NA)
149,[150],https://arxiv.org//abs/2104.00273,"
Title: Perspective, Survey and Trends: Public Driving Datasets and Toolsets for  Autonomous Driving Virtual Test
",Robotics (cs.RO)
150,[151],https://arxiv.org//abs/2104.00272,"
Title: Mesh Graphormer
",Computer Vision and Pattern Recognition (cs.CV)
151,[152],https://arxiv.org//abs/2104.00270,"
Title: Evaluating Neural Word Embeddings for Sanskrit
",Computation and Language (cs.CL)
152,[153],https://arxiv.org//abs/2104.00269,"
Title: The Compact Support Neural Network
",Machine Learning (cs.LG)
153,[154],https://arxiv.org//abs/2104.00267,"
Title: Detecting over/under-translation errors for determining adequacy in  human translations
",Computation and Language (cs.CL)
154,[155],https://arxiv.org//abs/2104.00258,"
Title: Pinpointing the Memory Behaviors of DNN Training
",Performance (cs.PF)
155,[156],https://arxiv.org//abs/2104.00257,"
Title: On Generalizing Trace Minimization
",Numerical Analysis (math.NA)
156,[157],https://arxiv.org//abs/2104.00255,"
Title: Strategic Hub-Based Platoon Coordination under Uncertain Travel Times
",Systems and Control (eess.SY)
157,[158],https://arxiv.org//abs/2104.00254,"
Title: Using Python for Model Inference in Deep Learning
",Machine Learning (cs.LG)
158,[159],https://arxiv.org//abs/2104.00250,"
Title: Retrofitting Effect Handlers onto OCaml
",Programming Languages (cs.PL)
159,[160],https://arxiv.org//abs/2104.00249,"
Title: LaPred: Lane-Aware Prediction of Multi-Modal Future Trajectories of  Dynamic Agents
",Computer Vision and Pattern Recognition (cs.CV)
160,[161],https://arxiv.org//abs/2104.00246,"
Title: Divergence Optimization for Noisy Universal Domain Adaptation
",Computer Vision and Pattern Recognition (cs.CV)
161,[162],https://arxiv.org//abs/2104.00241,"
Title: Variational Inference MPC using Tsallis Divergence
",Machine Learning (cs.LG)
162,[163],https://arxiv.org//abs/2104.00240,"
Title: Self-supervised Motion Learning from Static Images
",Computer Vision and Pattern Recognition (cs.CV)
163,[164],https://arxiv.org//abs/2104.00239,"
Title: Positive Sample Propagation along the Audio-Visual Event Line
",Computer Vision and Pattern Recognition (cs.CV)
164,[165],https://arxiv.org//abs/2104.00237,"
Title: Optimizer Fusion: Efficient Training with Better Locality and  Parallelism
",Machine Learning (cs.LG)
165,[166],https://arxiv.org//abs/2104.00236,"
Title: Too Expensive to Attack: A Joint Defense Framework to Mitigate  Distributed Attacks for the Internet of Things Grid
",Cryptography and Security (cs.CR)
166,[167],https://arxiv.org//abs/2104.00235,"
Title: Multilingual and code-switching ASR challenges for low resource Indian  languages
",Computation and Language (cs.CL)
167,[168],https://arxiv.org//abs/2104.00234,"
Title: A Survey on Natural Language Video Localization
",Computer Vision and Pattern Recognition (cs.CV)
168,[169],https://arxiv.org//abs/2104.00233,"
Title: Unsupervised Domain Expansion for Visual Categorization
",Computer Vision and Pattern Recognition (cs.CV)
169,[170],https://arxiv.org//abs/2104.00232,"
Title: Dive into Ambiguity: Latent Distribution Mining and Pairwise Uncertainty  Estimation for Facial Expression Recognition
",Computer Vision and Pattern Recognition (cs.CV)
170,[171],https://arxiv.org//abs/2104.00231,"
Title: Two-phase weakly supervised object detection with pseudo ground truth  mining
",Computer Vision and Pattern Recognition (cs.CV)
171,[172],https://arxiv.org//abs/2104.00229,"
Title: Stability and error analysis of IMEX SAV schemes for the  magneto-hydrodynamic equations
",Numerical Analysis (math.NA)
172,[173],https://arxiv.org//abs/2104.00226,"
Title: DF^2AM: Dual-level Feature Fusion and Affinity Modeling for RGB-Infrared  Cross-modality Person Re-identification
",Computer Vision and Pattern Recognition (cs.CV)
173,[174],https://arxiv.org//abs/2104.00222,"
Title: Embedded Self-Distillation in Compact Multi-Branch Ensemble Network for  Remote Sensing Scene Classification
",Computer Vision and Pattern Recognition (cs.CV)
174,[175],https://arxiv.org//abs/2104.00220,"
Title: Rate-Splitting Multiple Access for Multi-Antenna Broadcast Channels with  Statistical CSIT
",Information Theory (cs.IT)
175,[176],https://arxiv.org//abs/2104.00219,"
Title: Fast Jacobian-Vector Product for Deep Networks
",Machine Learning (cs.LG)
176,[177],https://arxiv.org//abs/2104.00218,"
Title: Integrating Subgraph-aware Relation and DirectionReasoning for Question  Answering
",Computation and Language (cs.CL)
177,[178],https://arxiv.org//abs/2104.00213,"
Title: Intrusive and non-intrusive reduced order modelling of the rotating  thermal shallow water equation
",Numerical Analysis (math.NA)
178,[179],https://arxiv.org//abs/2104.00210,"
Title: Training Multi-bit Quantized and Binarized Networks with A Learnable  Symmetric Quantizer
",Computer Vision and Pattern Recognition (cs.CV)
179,[180],https://arxiv.org//abs/2104.00207,"
Title: The $k$-Colorable Unit Disk Cover Problem
",Computational Geometry (cs.CG)
180,[181],https://arxiv.org//abs/2104.00206,"
Title: Rate-Splitting Multiple Access for Multigroup Multicast Cellular and  Satellite Communications: PHY Layer Design and Link-Level Simulations
",Information Theory (cs.IT)
181,[182],https://arxiv.org//abs/2104.00205,"
Title: Fusing RGBD Tracking and Segmentation Tree Sampling for Multi-Hypothesis  Volumetric Segmentation
",Robotics (cs.RO)
182,[183],https://arxiv.org//abs/2104.00203,"
Title: AdaPool: A Diurnal-Adaptive Fleet Management Framework using Model-Free  Deep Reinforcement Learning and Change Point Detection
",Artificial Intelligence (cs.AI)
183,[184],https://arxiv.org//abs/2104.00202,"
Title: Unsupervised Person Re-identification via Simultaneous Clustering and  Consistency Learning
",Computer Vision and Pattern Recognition (cs.CV)
184,[185],https://arxiv.org//abs/2104.00201,"
Title: Graph-Based Intercategory and Intermodality Network for Multilabel  Classification and Melanoma Diagnosis of Skin Lesions in Dermoscopy and  Clinical Images
",Computer Vision and Pattern Recognition (cs.CV)
185,[186],https://arxiv.org//abs/2104.00199,"
Title: Data-Driven Optimized Tracking Control Heuristic for MIMO Structures: A  Balance System Case Study
",Systems and Control (eess.SY)
186,[187],https://arxiv.org//abs/2104.00198,"
Title: True Random Number Generation using Latency Variations of Commercial  MRAM Chips
",Emerging Technologies (cs.ET)
187,[188],https://arxiv.org//abs/2104.00196,"
Title: Modular Tree Network for Source Code Representation Learning
",Software Engineering (cs.SE)
188,[189],https://arxiv.org//abs/2104.00194,"
Title: Spatial-Temporal Graph Transformer for Multiple Object Tracking
",Computer Vision and Pattern Recognition (cs.CV)
189,[190],https://arxiv.org//abs/2104.00192,"
Title: An Energy-Efficient Quad-Camera Visual System for Autonomous Machines on  FPGA Platform
",Hardware Architecture (cs.AR)
190,[191],https://arxiv.org//abs/2104.00190,"
Title: Trajectory Tracking of Underactuated Sea Vessels With Uncertain  Dynamics: An Integral Reinforcement Learning Approach
",Systems and Control (eess.SY)
191,[192],https://arxiv.org//abs/2104.00186,"
Title: Sub-GMN: The Subgraph Matching Network Model
",Machine Learning (cs.LG)
192,[193],https://arxiv.org//abs/2104.00185,"
Title: Less is More: Accelerating Faster Neural Networks Straight from JPEG
",Computer Vision and Pattern Recognition (cs.CV)
193,[194],https://arxiv.org//abs/2104.00184,"
Title: Local $L^2$-bounded commuting projections in FEEC
",Numerical Analysis (math.NA)
194,[195],https://arxiv.org//abs/2104.00182,"
Title: Studying Ad Library Integration Strategies of Top Free-to-Download Apps
",Software Engineering (cs.SE)
195,[196],https://arxiv.org//abs/2104.00179,"
Title: Selective Feature Compression for Efficient Activity Recognition  Inference
",Computer Vision and Pattern Recognition (cs.CV)
196,[197],https://arxiv.org//abs/2104.00178,"
Title: Adaptive Configuration of In Situ Lossy Compression for Cosmology  Simulations via Fine-Grained Rate-Quality Modeling
","Distributed, Parallel, and Cluster Computing (cs.DC)"
197,[198],https://arxiv.org//abs/2104.00177,"
Title: Visual Attention in Imaginative Agents
",Computer Vision and Pattern Recognition (cs.CV)
198,[199],https://arxiv.org//abs/2104.00176,"
Title: Qualitative Planning in Imperfect Information Games with Active Sensing  and Reactive Sensor Attacks: Cost of Unawareness
",Cryptography and Security (cs.CR)
199,[200],https://arxiv.org//abs/2104.00174,"
Title: Self-harm: detection and support on Twitter
",Computation and Language (cs.CL)
200,[201],https://arxiv.org//abs/2104.00170,"
Title: An Investigation of Critical Issues in Bias Mitigation Techniques
",Machine Learning (cs.LG)
201,[202],https://arxiv.org//abs/2104.00169,"
Title: Improved and efficient inter-vehicle distance estimation using road  gradients of both ego and target vehicles
",Computer Vision and Pattern Recognition (cs.CV)
202,[203],https://arxiv.org//abs/2104.00166,"
Title: A Semidefinite Programming Approach to Discrete-time Infinite Horizon  Persistent Monitoring
",Systems and Control (eess.SY)
203,[204],https://arxiv.org//abs/2104.00165,"
Title: Gesture Similarity Analysis on Event Data Using a Hybrid Guided  Variational Auto Encoder
",Neural and Evolutionary Computing (cs.NE)
204,[205],https://arxiv.org//abs/2104.00164,"
Title: Analysis and modeling to forecast in time series: a systematic review
",Machine Learning (cs.LG)
205,[206],https://arxiv.org//abs/2104.00163,"
Title: DEALIO: Data-Efficient Adversarial Learning for Imitation from  Observation
",Machine Learning (cs.LG)
206,[207],https://arxiv.org//abs/2104.00161,"
Title: Scalable Visual Attribute Extraction through Hidden Layers of a Residual  ConvNet
",Computer Vision and Pattern Recognition (cs.CV)
207,[208],https://arxiv.org//abs/2104.00159,"
Title: Towards Prior-Free Approximately Truthful One-Shot Auction Learning via  Differential Privacy
",Computer Science and Game Theory (cs.GT)
208,[209],https://arxiv.org//abs/2104.00158,"
Title: Online Learning Probabilistic Event Calculus Theories in Answer Set  Programming
",Artificial Intelligence (cs.AI)
209,[210],https://arxiv.org//abs/2104.00152,"
Title: Full Surround Monodepth from Multiple Cameras
",Computer Vision and Pattern Recognition (cs.CV)
210,[211],https://arxiv.org//abs/2104.00148,"
Title: Showing Academic Performance Predictions during Term Planning: Effects  on Students' Decisions, Behaviors, and Preferences
",Human-Computer Interaction (cs.HC)
211,[212],https://arxiv.org//abs/2104.00142,"
Title: NodeSRT: A Selective Regression Testing Tool for Node.js Application
",Software Engineering (cs.SE)
212,[213],https://arxiv.org//abs/2104.00137,"
Title: Achieving Transparency Report Privacy in Linear Time
",Machine Learning (cs.LG)
213,[214],https://arxiv.org//abs/2104.00130,"
Title: Safe Online Learning-based Formation Control of Multi-Agent Systems with  Gaussian Processes
",Systems and Control (eess.SY)
214,[215],https://arxiv.org//abs/2104.00125,"
Title: Drowsiness Detection Based On Driver Temporal Behavior Using a New  Developed Dataset
",Computer Vision and Pattern Recognition (cs.CV)
215,[216],https://arxiv.org//abs/2104.00124,"
Title: Misinformation detection in Luganda-English code-mixed social media text
",Computation and Language (cs.CL)
216,[217],https://arxiv.org//abs/2104.00123,"
Title: Generalized Reinforcement Learning for Building Control using Behavioral  Cloning
",Systems and Control (eess.SY)
217,[218],https://arxiv.org//abs/2104.00118,"
Title: Analysis of injection operators in multigrid solvers for hybridized  discontinuous Galerkin methods
",Numerical Analysis (math.NA)
218,[219],https://arxiv.org//abs/2104.00107,"
Title: Analysis on Image Set Visual Question Answering
",Computer Vision and Pattern Recognition (cs.CV)
219,[220],https://arxiv.org//abs/2104.00106,"
Title: Zero-Shot Language Transfer vs Iterative Back Translation for  Unsupervised Machine Translation
",Computation and Language (cs.CL)
220,[221],https://arxiv.org//abs/2104.00104,"
Title: Vertex Connectivity in Poly-logarithmic Max-flows
",Data Structures and Algorithms (cs.DS)
221,[222],https://arxiv.org//abs/2104.00101,"
Title: High-order Barrier Functions: Robustness, Safety and  Performance-Critical Control
",Systems and Control (eess.SY)
222,[223],https://arxiv.org//abs/2104.00100,"
Title: MR Slice Profile Estimation by Learning to Match Internal Patch  Distributions
",Computer Vision and Pattern Recognition (cs.CV)
223,[224],https://arxiv.org//abs/2104.00099,"
Title: LIFT-SLAM: a deep-learning feature-based monocular visual SLAM method
",Computer Vision and Pattern Recognition (cs.CV)
224,[225],https://arxiv.org//abs/2104.00098,"
Title: Balancing Fairness and Efficiency in Traffic Routing via Interpolated  Traffic Assignment
",Systems and Control (eess.SY)
225,[226],https://arxiv.org//abs/2104.00096,"
Title: Taking Stock of the Present and Future of Smart Technologies for Older  Adults and Caregivers
",Computers and Society (cs.CY)
226,[227],https://arxiv.org//abs/2104.00093,"
Title: Imagine All the People: Citizen Science, Artificial Intelligence, and  Computational Research
",Computers and Society (cs.CY)
227,[228],https://arxiv.org//abs/2104.00090,"
Title: THU-Splines: Highly Localized Refinement on Smooth Unstructured Splines
",Numerical Analysis (math.NA)
228,[229],https://arxiv.org//abs/2104.00088,"
Title: Transfer Learning for Node Regression Applied to Spreading Prediction
",Social and Information Networks (cs.SI)
229,[230],https://arxiv.org//abs/2104.00087,"
Title: Real-time Data Infrastructure at Uber
","Distributed, Parallel, and Cluster Computing (cs.DC)"
230,[231],https://arxiv.org//abs/2104.00086,"
Title: An Online Survey on the Perception of Mediated Social Touch Interaction  and Device Design
",Human-Computer Interaction (cs.HC)
231,[232],https://arxiv.org//abs/2104.00085,"
Title: A comparative evaluation of learned feature descriptors on hybrid  monocular visual SLAM methods
",Computer Vision and Pattern Recognition (cs.CV)
232,[233],https://arxiv.org//abs/2104.00084,"
Title: Hierarchical Road Topology Learning for Urban Map-less Driving
",Robotics (cs.RO)
233,[234],https://arxiv.org//abs/2104.00078,"
Title: Learning Human Objectives from Sequences of Physical Corrections
",Robotics (cs.RO)
234,[235],https://arxiv.org//abs/2104.00077,"
Title: Planning for Safe Abortable Overtaking Maneuvers in Autonomous Driving
",Robotics (cs.RO)
235,[236],https://arxiv.org//abs/2104.00075,"
Title: Ultra-Reliable Indoor Millimeter Wave Communications using Multiple  Artificial Intelligence-Powered Intelligent Surfaces
",Networking and Internet Architecture (cs.NI)
236,[237],https://arxiv.org//abs/2104.00073,"
Title: FAPIS: A Few-shot Anchor-free Part-based Instance Segmenter
",Computer Vision and Pattern Recognition (cs.CV)
237,[238],https://arxiv.org//abs/2104.00065,"
Title: Force-and-moment-based Model Predictive Control for Achieving Highly  Dynamic Locomotion on Bipedal Robots
",Robotics (cs.RO)
238,[239],https://arxiv.org//abs/2104.00060,"
Title: Generalized Conflict-directed Search for Optimal Ordering Problems
",Artificial Intelligence (cs.AI)
239,[240],https://arxiv.org//abs/2104.00059,"
Title: Passive Inter-Photon Imaging
",Computer Vision and Pattern Recognition (cs.CV)
240,[241],https://arxiv.org//abs/2104.00058,"
Title: Investigating Design Anti-pattern and Design Pattern Mutations and Their  Change- and Fault-proneness
",Software Engineering (cs.SE)
241,[242],https://arxiv.org//abs/2104.00055,"
Title: SST-GNN: Simplified Spatio-temporal Traffic forecasting model using  Graph Neural Network
",Machine Learning (cs.LG)
242,[243],https://arxiv.org//abs/2104.00054,"
Title: A Statistical Analysis of Summarization Evaluation Metrics using  Resampling Methods
",Computation and Language (cs.CL)
243,[244],https://arxiv.org//abs/2104.00053,"
Title: LazyDAgger: Reducing Context Switching in Interactive Imitation Learning
",Robotics (cs.RO)
244,[245],https://arxiv.org//abs/2104.00048,"
Title: SkiffOS: Minimal Cross-compiled Linux for Embedded Containers
",Software Engineering (cs.SE)
245,[246],https://arxiv.org//abs/2104.00041,"
Title: Domain-specific MT for Low-resource Languages: The case of  Bambara-French
",Computation and Language (cs.CL)
246,[247],https://arxiv.org//abs/2104.00038,"
Title: Smartphone Camera Oximetry in an Induced Hypoxemia Study
",Machine Learning (cs.LG)
247,[248],https://arxiv.org//abs/2104.00035,"
Title: Strengthening the Training of Convolutional Neural Networks By Using  Walsh Matrix
",Machine Learning (cs.LG)
248,[249],https://arxiv.org//abs/2104.00034,"
Title: Approximation Schemes for Multiperiod Binary Knapsack Problems
",Data Structures and Algorithms (cs.DS)
249,[250],https://arxiv.org//abs/2104.00032,"
Title: Convolutional Dynamic Alignment Networks for Interpretable  Classifications
",Machine Learning (cs.LG)
250,[251],https://arxiv.org//abs/2104.00031,"
Title: NetAdaptV2: Efficient Neural Architecture Search with Fast Super-Network  Training and Architecture Optimization
",Computer Vision and Pattern Recognition (cs.CV)
251,[252],https://arxiv.org//abs/2104.00029,"
Title: Models and numbers: Representing the world or imposing order?
",Computers and Society (cs.CY)
252,[253],https://arxiv.org//abs/2104.00024,"
Title: RetrievalFuse: Neural 3D Scene Reconstruction with a Database
",Computer Vision and Pattern Recognition (cs.CV)
253,[254],https://arxiv.org//abs/2104.00008,"
Title: Why is AI hard and Physics simple?
",Machine Learning (cs.LG)
254,[255],https://arxiv.org//abs/2104.00669,"
Title: Deep Multi-Resolution Dictionary Learning for Histopathology Image  Analysis
",Image and Video Processing (eess.IV)
255,[256],https://arxiv.org//abs/2104.00641,"
Title: Dynamic Silos: Modularity in intra-organizational communication networks  before and during the Covid-19 pandemic
",Machine Learning (stat.ML)
256,[257],https://arxiv.org//abs/2104.00636,"
Title: Distributed Video Adaptive Block Compressive Sensing
",Image and Video Processing (eess.IV)
257,[258],https://arxiv.org//abs/2104.00635,"
Title: Holdout-Based Fidelity and Privacy Assessment of Mixed-Type Synthetic  Data
",Machine Learning (stat.ML)
258,[259],https://arxiv.org//abs/2104.00629,"
Title: Regularized target encoding outperforms traditional methods in  supervised machine learning with high cardinality features
",Machine Learning (stat.ML)
259,[260],https://arxiv.org//abs/2104.00624,"
Title: Fast DCTTS: Efficient Deep Convolutional Text-to-Speech
",Audio and Speech Processing (eess.AS)
260,[261],https://arxiv.org//abs/2104.00620,"
Title: TradeR: Practical Deep Hierarchical Reinforcement Learning for Trade  Execution
",Trading and Market Microstructure (q-fin.TR)
261,[262],https://arxiv.org//abs/2104.00615,"
Title: Physics-informed neural networks for the shallow-water equations on the  sphere
",Computational Physics (physics.comp-ph)
262,[263],https://arxiv.org//abs/2104.00607,"
Title: Detecting Hidden Units and Network Size from Perceptible Dynamics
",Adaptation and Self-Organizing Systems (nlin.AO)
263,[264],https://arxiv.org//abs/2104.00587,"
Title: NeRF-VAE: A Geometry Aware 3D Scene Generative Model
",Machine Learning (stat.ML)
264,[265],https://arxiv.org//abs/2104.00584,"
Title: Model Selection for Time Series Forecasting: Empirical Analysis of  Different Estimators
",Machine Learning (stat.ML)
265,[266],https://arxiv.org//abs/2104.00550,"
Title: Agent-based simulations for optimized prevention of the spread of  SARS-CoV-2 in nursing homes
",Physics and Society (physics.soc-ph)
266,[267],https://arxiv.org//abs/2104.00537,"
Title: State-of-the-art SPH solver DualSPHysics: from fluid dynamics to  multiphysics problems
",Fluid Dynamics (physics.flu-dyn)
267,[268],https://arxiv.org//abs/2104.00535,"
Title: Data-Driven Optimization for Police Zone Design
",Optimization and Control (math.OC)
268,[269],https://arxiv.org//abs/2104.00531,"
Title: Extending Neural P-frame Codecs for B-frame Coding
",Image and Video Processing (eess.IV)
269,[270],https://arxiv.org//abs/2104.00520,"
Title: DIVERSE: bayesian Data IntegratiVE learning for precise drug ResponSE  prediction
",Quantitative Methods (q-bio.QM)
270,[271],https://arxiv.org//abs/2104.00507,"
Title: fairmodels: A Flexible Tool For Bias Detection, Visualization, And  Mitigation
",Machine Learning (stat.ML)
271,[272],https://arxiv.org//abs/2104.00502,"
Title: A note on Barker sequences of even length
",Combinatorics (math.CO)
272,[273],https://arxiv.org//abs/2104.00496,"
Title: Machine Learning Applications to Kronian Magnetospheric Reconnection  Classification
",Earth and Planetary Astrophysics (astro-ph.EP)
273,[274],https://arxiv.org//abs/2104.00428,"
Title: Storchastic: A Framework for General Stochastic Automatic  Differentiation
",Machine Learning (stat.ML)
274,[275],https://arxiv.org//abs/2104.00411,"
Title: Explaining COVID-19 and Thoracic Pathology Model Predictions by  Identifying Informative Input Features
",Image and Video Processing (eess.IV)
275,[276],https://arxiv.org//abs/2104.00383,"
Title: Schr√∂dinger encounters Fisher and Rao: a survey
",Statistics Theory (math.ST)
276,[277],https://arxiv.org//abs/2104.00353,"
Title: CycleDRUMS: Automatic Drum Arrangement For Bass Lines Using CycleGAN
",Audio and Speech Processing (eess.AS)
277,[278],https://arxiv.org//abs/2104.00341,"
Title: SpectralNET: Exploring Spatial-Spectral WaveletCNN for Hyperspectral  Image Classification
",Image and Video Processing (eess.IV)
278,[279],https://arxiv.org//abs/2104.00325,"
Title: High-quality Low-dose CT Reconstruction Using Convolutional Neural  Networks with Spatial and Channel Squeeze and Excitation
",Image and Video Processing (eess.IV)
279,[280],https://arxiv.org//abs/2104.00311,"
Title: Using multidimensional speckle dynamics for high-speed, large-scale,  parallel photonic computing
",Optics (physics.optics)
280,[281],https://arxiv.org//abs/2104.00301,"
Title: Edge-promoting adaptive Bayesian experimental design for X-ray imaging
",Methodology (stat.ME)
281,[282],https://arxiv.org//abs/2104.00282,"
Title: Allocation of Fungible Resources via a Fast, Scalable Price Discovery  Method
",Optimization and Control (math.OC)
282,[283],https://arxiv.org//abs/2104.00274,"
Title: Nonlinear optimized Schwarz preconditioner for elliptic optimal control  problems
",Optimization and Control (math.OC)
283,[284],https://arxiv.org//abs/2104.00259,"
Title: Interactive spatial speech recognition maps based on simulated speech  recognition experiments
",Audio and Speech Processing (eess.AS)
284,[285],https://arxiv.org//abs/2104.00253,"
Title: Learning Deep Latent Subspaces for Image Denoising
",Image and Video Processing (eess.IV)
285,[286],https://arxiv.org//abs/2104.00245,"
Title: High-Dimensional Differentially-Private EM Algorithm: Methods and  Near-Optimal Statistical Guarantees
",Machine Learning (stat.ML)
286,[287],https://arxiv.org//abs/2104.00139,"
Title: State-of-the-art segmentation network fooled to segment a heart symbol  in chest X-Ray images
",Image and Video Processing (eess.IV)
287,[288],https://arxiv.org//abs/2104.00138,"
Title: Rapid quantification of COVID-19 pneumonia burden from computed  tomography with convolutional LSTM networks
",Image and Video Processing (eess.IV)
288,[289],https://arxiv.org//abs/2104.00131,"
Title: Distributed Picard Iteration
",Optimization and Control (math.OC)
289,[290],https://arxiv.org//abs/2104.00120,"
Title: Multi-Encoder Learning and Stream Fusion for Transformer-Based  End-to-End Automatic Speech Recognition
",Audio and Speech Processing (eess.AS)
290,[291],https://arxiv.org//abs/2104.00102,"
Title: Robust Experimentation in the Continuous Time Bandit Problem
",Theoretical Economics (econ.TH)
291,[292],https://arxiv.org//abs/2104.00095,"
Title: Eulerian simulation of complex suspensions and biolocomotion in three  dimensions
",Fluid Dynamics (physics.flu-dyn)
292,[293],https://arxiv.org//abs/2104.00089,"
Title: Maintaining scientific discourse during a global pandemic: ESO's first  e-conference #H02020
",Instrumentation and Methods for Astrophysics (astro-ph.IM)
293,[294],https://arxiv.org//abs/2104.00062,"
Title: Structured input-output analysis of transitional wall-bounded flows
",Fluid Dynamics (physics.flu-dyn)
294,[295],https://arxiv.org//abs/2103.17171,"
Title: Training robust deep learning models for medical imaging tasks with  spectral decoupling
",Image and Video Processing (eess.IV)
295,[296],https://arxiv.org//abs/2103.04629,"
Title: Jordan-Wigner transformation and qubits with nontrivial exchange rule
",Quantum Physics (quant-ph)
